Calugareanu Rares,extra
Goga Nicusor,extra
Oancea Zamfir,extra
Arghezi Vlad,extra
Gheorghe Doina,extra
Ionita Paulina,extra
Balasa Horia,extra
Raceanu Sabrina,extra
Iordache Teodora,extra
Albu Diana,extra
Antal Speranta,extra
Manea Laurentiu,extra
Oprea Georgian,extra
Iliescu Nina,extra
Halep Viorica,extra
Maruta Virginia,extra
Buzoianu Viorela,extra
Jebeleanu Sergiu,extra
Balan Mihail,extra
Basarabeanu Alexandra,extra
Mailat Toma,extra
Surdu Valentin,extra
Fratila Aurora,extra
Angelescu Sandra,extra
Ivanescu Rafael,extra
Surdu Lascar,extra
Toader Vlad,extra
Eliade Roxana,extra
Stroe Plesu,extra
Antal Miron,extra
Bercea Relu,extra
Ghita Laurentiu,extra
Burtea Rafaela,extra
Bujor Silviu,extra
Ghita Diana,extra
Vintila Iasmina,extra
Eliade Mihai,extra
Oancea Geta,extra
Colceru Ecaterina,extra
Georgescu Tudora,extra
Florea Aurora,extra
Negoita Veta,extra
Constantinescu Petru,extra
Ivanescu Corina,extra
Neculce Cosmin,extra
Radoi Simona,extra
Enache Iasmina,extra
Hanu Doina,extra
Maruta Gherasim,extra
Arghezi Madalin,extra
Dumitra Horia,extra
Baciu Corneliu,extra
Negoita Adrian,extra
Huniade Roberta,extra
Stroe Laurentiu,extra
Groza Ramona,extra
Cozma Daniela,extra
Misu Daniela,extra
Ceausescu Marian,extra
Groza Timea,extra
Bucur Traian,extra
Radoi Valentina,extra
Cozma Lica,extra
Borcea Sanda,extra
Opris Alexandra,extra
Baciu Silviu,extra
Maruta Raluca,extra
Trancu Miron,extra
Enescu Nicolae,extra
Constantinescu Dinu,extra
Dragan Octav,extra
Avramescu Timea,extra
Niculae Francesca,extra
Gutu Ramonca,extra
Lucescu Gherasim,extra
Manea Aurora,extra
Bratu Nicoleta,extra
Opris Madalin,extra
Diaconu Adam,extra
Ispas Diana,extra
Mailat Miron,extra
Stanciu Marin,extra
Ionita Valentina,extra
Basarabeanu Speranta,extra
Miron Mihai,extra
Miclaus Stefan,extra
Ispas Laurentiu,extra
Florea Daniela,extra
Hategan Ilie,extra
Calugareanu Viorica,extra
Burtea Horia,extra
Neculce Vincentiu,extra
Neagu Nicoleta,extra
Borcea Sabrina,extra
Stoian Raluca,extra
Radoi Paulina,extra
Neagu Floare,extra
Ardeleanu Agata,extra
Cartan Ana,extra
Anghel Suzana,extra
Gutu Diana,extra
Baciu Alexandra,extra
Basescu Darius,extra
Cojocaru Darius,extra
Calugareanu Valeriu,extra
Dobrogeanu Cezar,extra
Ciobanu Beatrice,extra
Enache Adrian,extra
Adamescu Robert,extra
Necula Petru,extra
Lupu Beatrice,extra
Dragan Miron,extra
Dascalu Teodora,extra
Camataru Nicolae,extra
Neagu Vlad,extra
Haralambie Ionel,extra
Alexandrescu Vladimir,extra
Dulgheru Olimpia,extra
Tomita Rebeca,extra
Gutu Petru,extra
Gherasim Rafael,extra
Balasa Nina,extra
Manole Paulina,extra
Manea Marian,extra
Ionita Gelu,extra
Constantin Rares,extra
Alexandrescu Roberta,extra
Lascu Raul,extra
Tomita Sabrina,extra
Georgescu Matei,extra
Noica Mihai,extra
Eremia Paul,extra
